{"acc": [0.16348393106660455, 0.6604564508616675, 0.6711690731252911, 0.6697717745691663, 0.7102934326967862, 0.744294364229157, 0.7545412203074057, 0.7382394038192828, 0.7238006520726595, 0.7158826269212856, 0.7345132743362832, 0.7582673497904052, 0.7517466231951561, 0.7876106194690266, 0.760130414531905], "f1": [0.08359197852766762, 0.5515253282638177, 0.5677514151974374, 0.5684229822292339, 0.6056630788555, 0.7329931241377468, 0.7393235821892545, 0.6988420848410418, 0.6662223556334689, 0.6513456269147533, 0.7247327273681603, 0.7047580516936982, 0.6928407780987145, 0.7726165588717028, 0.7523543825243839], "test_loss": [0.7122949957847595, 0.25283634662628174, 0.2922202944755554, 0.33161866664886475, 0.2656666338443756, 0.2011031210422516, 0.2156519740819931, 0.2664608955383301, 0.2082798033952713, 0.1979275941848755, 0.236845463514328, 0.21218501031398773, 0.25653275847435, 0.23967263102531433, 0.27344828844070435], "train_loss": [0.718970000743866, 0.27188751101493835, 0.3567303717136383, 0.22654862701892853, 0.17624789476394653, 0.4148743748664856, 0.19643665850162506, 0.28731569647789, 0.196478471159935, 0.12362921983003616, 0.38229888677597046, 0.20987023413181305, 0.05472715198993683, 0.11855291575193405, 0.09906784445047379]}