{"acc": [0.066, 0.716, 0.716, 0.716, 0.716, 0.716, 0.718, 0.718, 0.718, 0.718, 0.716, 0.716, 0.716, 0.718, 0.718, 0.716, 0.718, 0.718, 0.718, 0.718, 0.718, 0.718, 0.718, 0.718, 0.718, 0.718, 0.718, 0.718, 0.718, 0.718, 0.718, 0.718, 0.718, 0.718, 0.718], "f1": [0.005628517823639775, 0.03793176520449248, 0.03793176520449248, 0.03793176520449248, 0.03793176520449248, 0.03793176520449248, 0.04365784448923305, 0.04365784448923305, 0.04365784448923305, 0.04365784448923305, 0.03793176520449248, 0.03793176520449248, 0.03793176520449248, 0.04365784448923305, 0.04365784448923305, 0.03793176520449248, 0.04365784448923305, 0.04365784448923305, 0.04365784448923305, 0.04365784448923305, 0.04365784448923305, 0.04365784448923305, 0.04365784448923305, 0.04365784448923305, 0.04365784448923305, 0.04365784448923305, 0.04365784448923305, 0.04365784448923305, 0.04365784448923305, 0.04365784448923305, 0.04365784448923305, 0.04365784448923305, 0.04365784448923305, 0.04365784448923305, 0.04365784448923305], "test_loss": [0.5230956077575684, 0.07042641192674637, 0.07493745535612106, 0.08454955369234085, 0.08053267002105713, 0.07726726680994034, 0.07664082944393158, 0.07458264380693436, 0.06524106860160828, 0.08047860115766525, 0.06736784428358078, 0.0877474918961525, 0.07789549231529236, 0.0719318762421608, 0.06955580413341522, 0.08664520829916, 0.10734124481678009, 0.06973767280578613, 0.06442592293024063, 0.05501889809966087, 0.08276786655187607, 0.08830071985721588, 0.07798590511083603, 0.05593840405344963, 0.08811812847852707, 0.06960229575634003, 0.07206299901008606, 0.0699521005153656, 0.06018003076314926, 0.07292468845844269, 0.08383449912071228, 0.06093443185091019, 0.07937824726104736, 0.07558119297027588, 0.07145010679960251], "train_loss": [0.7605526447296143, 0.06971391290426254, 0.06917239725589752, 0.03265610709786415, 0.08910857141017914, 0.07153859734535217, 0.04800374060869217, 0.12860535085201263, 0.05743062496185303, 0.0529683455824852, 0.051746658980846405, 0.08555856347084045, 0.09264284372329712, 0.10288859158754349, 0.11516501009464264, 0.08300793170928955, 0.06324563920497894, 0.05750934034585953, 0.07603121548891068, 0.07658989727497101, 0.09962587803602219, 0.07987811416387558, 0.09006959199905396, 0.05068746954202652, 0.07078997045755386, 0.06084940582513809, 0.10594876855611801, 0.08303995430469513, 0.04456174746155739, 0.09628362953662872, 0.08514738082885742, 0.049563776701688766, 0.10887828469276428, 0.09269573539495468, 0.08601366728544235]}