{"acc": [0.13646949231485794, 0.6744294364229158, 0.6707033069399162, 0.8015836050302748, 0.7904052165812762, 0.8262692128551468, 0.8216115510013973, 0.8490917559385188, 0.8458313926408942, 0.8570097810898929, 0.8570097810898929, 0.8537494177922683, 0.8518863530507685, 0.8667908709827666, 0.8653935724266418, 0.871448532836516, 0.8751746623195156, 0.8761061946902655, 0.8733115975780158, 0.872380065207266], "f1": [0.048032786885245905, 0.4808615595927492, 0.4743297293035294, 0.7644483136914962, 0.7473727460670099, 0.7824017331911854, 0.7704743587254429, 0.8223058534853791, 0.8167101898583213, 0.8417196488701805, 0.8420446410001656, 0.8360515070608171, 0.8379361378401258, 0.8445380115070172, 0.8427069986893155, 0.8592987557253998, 0.8615737941983888, 0.8639953503568961, 0.8613641758186846, 0.858763042908986], "test_loss": [0.7120898962020874, 0.32422512769699097, 0.32719776034355164, 0.15604299306869507, 0.18270723521709442, 0.22036799788475037, 0.15737169981002808, 0.1135576069355011, 0.10578574240207672, 0.1693635880947113, 0.1456802934408188, 0.10543402284383774, 0.15903906524181366, 0.16788733005523682, 0.16936475038528442, 0.2835938036441803, 0.19908012449741364, 0.13974280655384064, 0.12277495115995407, 0.10385901480913162], "train_loss": [0.716896116733551, 0.39291760325431824, 0.2691757082939148, 0.15712770819664001, 0.149742990732193, 0.23099853098392487, 0.14162619411945343, 0.16034933924674988, 0.11738720536231995, 0.09298442304134369, 0.08074750006198883, 0.04972920939326286, 0.03268059343099594, 0.06052058935165405, 0.04126278683543205, 0.022628171369433403, 0.05184697359800339, 0.008794674649834633, 0.029378071427345276, 0.017022551968693733]}